10.33000898361206,-0.7016602492800011,0.735860101092572,1.067330143682161e-09
10.828258991241455,-0.67857880249436,0.7196631511063474,1.0902972913693563e-09
11.117881059646606,-0.6529514789923979,0.7029413498758329,1.0825415810894249e-09
11.324568033218384,-0.6216761355280667,0.682300458159493,9.627778240634717e-10
11.452282190322876,-0.5920958681101086,0.6625763165626932,7.966001052868526e-10
11.546769142150879,-0.5688543015083969,0.6466837361462775,5.90572198071706e-10
11.64996600151062,-0.5457667075344642,0.6312152085666983,4.4237160489960334e-10
11.735774040222168,-0.5252913689927305,0.6177463317550261,4.433398980632888e-10
11.89594316482544,-0.49713441606392605,0.5981948969755554,7.27223018711003e-10
12.793708086013794,-0.4884668842502937,0.5930476785399309,1.2004081920725496e-09
13.204586029052734,-0.4893328642084295,0.5933819350970758,1.9190822097214023e-09
13.696624994277954,-0.48982084597998676,0.593676707974577,3.834044437776276e-09
14.096382141113281,-0.49051860834213545,0.594158256320777,4.6849297445131276e-09
15.496568202972412,-0.4902501837760426,0.5935084830402969,7.784319427495898e-09
16.297783136367798,-0.483786126083312,0.5690379939552411,8.0013655025673e-09
16.528823137283325,-0.4789960847518448,0.5487595892351363,8.55963220870814e-09
16.73532009124756,-0.4718610250947917,0.5200165899272451,8.385752142477958e-09
16.914451122283936,-0.46501050793282833,0.4914464025026241,7.825337844383945e-09
16.991464138031006,-0.45947361416279364,0.4684200124318161,7.946285133726813e-09
17.139917135238647,-0.45393544398942254,0.447503382932546,8.04405467619054e-09
17.332041025161743,-0.44766426179741275,0.42150731450166823,7.921401861980601e-09
18.331921100616455,-0.44321609881612384,0.39796857771517796,8.18905769732876e-09
18.53698205947876,-0.44016846345189353,0.3772393937111942,8.145384710538608e-09
19.342796087265015,-0.4397699353867423,0.3670626685519173,9.157201336243445e-09
19.740681171417236,-0.4398821717775156,0.3671749776478565,1.1432333636873941e-08
20.23392105102539,-0.43980687622670556,0.3676569709829642,1.5188070627314923e-08
20.7173490524292,-0.439657529391281,0.36953346401834625,1.676856953935328e-08
21.300676107406616,-0.4387073780985549,0.3705554103792289,2.1378111786281647e-08
21.923938989639282,-0.43795818832269756,0.3709695935998891,2.6002285284736724e-08
22.511231184005737,-0.4358087718976634,0.37090051567202303,3.26180449853114e-08
29.41098117828369,-0.4241081326993141,0.37058280153767725,3.455650416913773e-08
29.69470500946045,-0.39579113851833736,0.3687963353399339,3.0522895724930174e-08
29.89472508430481,-0.35923175282218817,0.37046915350534565,5.5086071347911504e-08
29.994680166244507,-0.3364154186618781,0.36944345094516867,6.043240368846757e-08
30.09468698501587,-0.30934937573042226,0.36911430858523836,5.494509043452658e-08
30.194810152053833,-0.27983581539626456,0.3691255639186876,5.1741067353582043e-08
30.29483914375305,-0.24754865399651,0.36883073824079965,4.9425124808580015e-08
30.394755125045776,-0.2125068661762109,0.3681492845593832,8.039055919260155e-08
30.494819164276123,-0.17729988415604186,0.36811049714591965,8.349218680017504e-08
30.59478211402893,-0.1410042567980353,0.3672519353341477,7.88081515669675e-08
30.6947021484375,-0.10628652286422685,0.36785106880658786,9.478416529752629e-08
30.803946018218994,-0.06891078657051818,0.3686667317815524,7.641435119638184e-08
30.903789043426514,-0.03478754853136502,0.3684591975593576,7.885864330274814e-08
31.00324511528015,-0.0025793163863764793,0.36848670711452086,8.018463138619089e-08
31.103039026260376,0.025758122535407192,0.36790196288596355,7.49370375213835e-08
31.201884984970093,0.04766307289659799,0.36798987688075707,6.220574807542796e-08
31.400991201400757,0.07779761919973875,0.3660243961257668,8.68805423807419e-08
32.20088720321655,0.1006011502335542,0.36801655305375564,7.255589049373994e-08
32.50018000602722,0.13695730229201228,0.36709128073098773,7.45038512713958e-08
32.7300980091095,0.16616415616309987,0.36701652327373124,7.826149731256173e-08
32.841679096221924,0.18874106263259582,0.3664747431421332,8.161876183524878e-08
32.93370604515076,0.21430290247800832,0.36670987016033774,8.279618459045767e-08
33.03346514701843,0.24282048805900855,0.3667117534801458,8.057492240882727e-08
33.131078004837036,0.274211866519577,0.3659319500419059,8.203900506542885e-08
33.23461198806763,0.3084054161323632,0.36574253170543225,8.501846291598004e-08
33.341631174087524,0.3442484359733254,0.36548447726970357,8.885750072922446e-08
33.42794108390808,0.380033844720446,0.365592403619907,8.769808907170858e-08
33.52649712562561,0.4152183406954711,0.3651084295961409,8.168235166498765e-08
33.63083815574646,0.45092118871175285,0.365297930290818,7.779660469382059e-08
33.73962211608887,0.4863904767325647,0.36562678021586065,7.134686273211933e-08
33.82146120071411,0.5219296220842607,0.3633794277245628,7.427869353696875e-08
33.90451002120972,0.5569732468979768,0.36397104424287796,6.699182438951899e-08
34.04534316062927,0.5928975657864608,0.3639951485168168,6.962827660606923e-08
34.14068412780762,0.6287823737650082,0.36318760954325424,7.07624816236341e-08
34.23884105682373,0.6647420366772151,0.36418299195563486,5.7619717380004505e-08
34.32627820968628,0.6995779065237875,0.36409347572628153,5.96630569603484e-08
34.43193507194519,0.7329555992684227,0.36399503864972743,4.90973966272102e-08
34.53065514564514,0.761437541824348,0.36482868004821484,4.0172138828240285e-08
34.62710118293762,0.7848872687254415,0.3645768926461949,3.5068579082857454e-08
34.8313992023468,0.8158675806597435,0.3642204382449362,3.1338582537934206e-08
37.15171217918396,0.83802195176788,0.36502072891479165,2.684610818396077e-08
43.43086218833923,0.866535349161148,0.36374451876098174,2.4136186278320486e-08
45.6314811706543,0.8884266730747342,0.36259294960816396,2.1705581674717823e-08
60.84890699386597,0.9081546020711337,0.3628599536302694,2.0099422142852046e-08
61.1542181968689,0.9368228986158424,0.3650493416154743,1.676604211252145e-08
61.34817600250244,0.9730084637636986,0.36817322297559907,1.0756422609235433e-08
61.43179798126221,0.9954660838700209,0.3692875275965638,1.2832861311181666e-08
61.51347517967224,1.0208388581406111,0.37104586574434256,8.339152706771694e-09
61.61591410636902,1.0462670181844813,0.3726855964499778,6.851646177115209e-09
61.7447509765625,1.0685311013223886,0.3743452669337388,5.624051028080743e-09
61.94418501853943,1.1007852749064466,0.37656745127824154,5.125920351912006e-09
65.24993801116943,1.1152901300671976,0.3778540705953108,5.196394451631788e-09
66.11123204231262,1.1430515336868412,0.3832561365119697,1.015365596247368e-08
66.31129717826843,1.174556494220966,0.3895129452675714,5.629060182151409e-09
66.42797613143921,1.3096137654742335,0.4464693585627589,0.12675598936718496
66.46275115013123,1.3314122526392733,0.43985094850664797,0.033529625624734286
66.56704807281494,1.4015470386091495,0.4667561168470949,0.013792863728396445
66.67042517662048,1.461868401822541,0.4875167482732163,0.007148408700182825
66.76299810409546,1.5059040225555107,0.5033161574157492,0.004389398918776015
66.84634518623352,1.5394221209986043,0.5189110876583194,0.0027973938772107012
66.94203805923462,1.5658525865927917,0.5374299263242782,0.0022111214912026497
67.13791704177856,1.5985419886692547,0.5609388291343421,0.0016083195597590182
68.32957816123962,1.623110134566435,0.5651574655899149,0.0014946009642352414
